frame,output,flag,username,timestamp
"{""path"":""flagged\\frame\\4c508a3d91010a66ffec\\webcam.png"",""url"":""http://127.0.0.1:7860/file=C:\\Users\\shahb\\AppData\\Local\\Temp\\gradio\\f9c63ab5cfa84c30675cb727c099d3281c0e9d44\\webcam.png"",""size"":2562260,""orig_name"":""webcam.png"",""mime_type"":""""}","Age: 25.05
Expression: Smiling
Expression Probability: 0.65
Name: Not Me
Name Probability: 0.62",,,2023-12-07 00:24:58.040118
"{""path"":""flagged\\frame\\6347817397b2b8e18c2f\\webcam.png"",""url"":""http://127.0.0.1:7860/file=C:\\Users\\shahb\\AppData\\Local\\Temp\\gradio\\f9c63ab5cfa84c30675cb727c099d3281c0e9d44\\webcam.png"",""size"":2562260,""orig_name"":""webcam.png"",""mime_type"":""""}","Age: 25.05
Expression: Smiling
Expression Probability: 0.65
Name: Not Me
Name Probability: 0.62",,,2023-12-07 00:25:00.689762
